{
  "total_processed": 970,
  "total_errors": 31,
  "metrics_statistics": {
    "bleu_score": {
      "average": 0.36731443460335367,
      "median": 0.33248917393262645,
      "std_dev": 0.18784475136751275,
      "count": 970
    },
    "edit_similarity": {
      "average": 0.48321614249786493,
      "median": 0.47427662301987,
      "std_dev": 0.17335846722354964,
      "count": 970
    },
    "ast_similarity": {
      "average": 0.7443205262045929,
      "median": 0.75,
      "std_dev": 0.14210615373708588,
      "count": 967
    },
    "diff_bleu_score": {
      "average": 1.0,
      "median": 1.0,
      "std_dev": 0.0,
      "count": 970
    }
  }
}