{
  "inefficient": {
    "avg_execution_time": 0.0017879009246826172,
    "avg_peak_memory": 0.0018768310546875,
    "success_rate": 1.0
  },
  "efficient": {
    "avg_execution_time": Infinity,
    "avg_peak_memory": Infinity,
    "success_rate": 0.0
  },
  "finetuned": {
    "avg_execution_time": 8.606910705566406e-05,
    "avg_peak_memory": 0.00077056884765625,
    "success_rate": 1.0
  },
  "raw_model": {
    "avg_execution_time": 7.390975952148438e-05,
    "avg_peak_memory": 0.00069427490234375,
    "success_rate": 1.0
  }
}