{
  "inefficient": {
    "avg_execution_time": 1.6927719116210938e-05,
    "avg_peak_memory": 0.00061798095703125,
    "success_rate": 1.0
  },
  "efficient": {
    "avg_execution_time": 3.1948089599609375e-05,
    "avg_peak_memory": 0.00060272216796875,
    "success_rate": 1.0
  },
  "finetuned": {
    "avg_execution_time": Infinity,
    "avg_peak_memory": Infinity,
    "success_rate": 0.0
  },
  "raw_model": {
    "avg_execution_time": 1.71661376953125e-05,
    "avg_peak_memory": 0.00060272216796875,
    "success_rate": 1.0
  }
}