{
  "inefficient": {
    "avg_execution_time": 6.103515625e-05,
    "avg_peak_memory": 0.0006866455078125,
    "success_rate": 1.0
  },
  "efficient": {
    "avg_execution_time": 0.00012493133544921875,
    "avg_peak_memory": 0.001678466796875,
    "success_rate": 1.0
  },
  "finetuned": {
    "avg_execution_time": Infinity,
    "avg_peak_memory": Infinity,
    "success_rate": 0.0
  },
  "raw_model": {
    "avg_execution_time": 7.510185241699219e-05,
    "avg_peak_memory": 0.0010528564453125,
    "success_rate": 1.0
  }
}