{
  "inefficient": {
    "avg_execution_time": 0.00011396408081054688,
    "avg_peak_memory": 0.001819610595703125,
    "success_rate": 1.0
  },
  "efficient": {
    "avg_execution_time": 6.079673767089844e-05,
    "avg_peak_memory": 0.00217437744140625,
    "success_rate": 1.0
  },
  "finetuned": {
    "avg_execution_time": Infinity,
    "avg_peak_memory": Infinity,
    "success_rate": 0.0
  },
  "raw_model": {
    "avg_execution_time": 4.1961669921875e-05,
    "avg_peak_memory": 0.001392364501953125,
    "success_rate": 1.0
  }
}