{
  "inefficient": {
    "avg_execution_time": 0.00022101402282714844,
    "avg_peak_memory": 0.004608154296875,
    "success_rate": 1.0
  },
  "efficient": {
    "avg_execution_time": 9.703636169433594e-05,
    "avg_peak_memory": 0.0007781982421875,
    "success_rate": 1.0
  },
  "finetuned": {
    "avg_execution_time": 7.891654968261719e-05,
    "avg_peak_memory": 0.00077056884765625,
    "success_rate": 1.0
  },
  "raw_model": {
    "avg_execution_time": 4.601478576660156e-05,
    "avg_peak_memory": 0.000701904296875,
    "success_rate": 1.0
  }
}