{
  "inefficient": {
    "avg_execution_time": 0.0008339881896972656,
    "avg_peak_memory": 0.001922607421875,
    "success_rate": 1.0
  },
  "efficient": {
    "avg_execution_time": 0.00012493133544921875,
    "avg_peak_memory": 0.0009002685546875,
    "success_rate": 1.0
  },
  "finetuned": {
    "avg_execution_time": 0.00011491775512695312,
    "avg_peak_memory": 0.00091552734375,
    "success_rate": 1.0
  },
  "raw_model": {
    "avg_execution_time": 0.14800190925598145,
    "avg_peak_memory": 1.5276336669921875,
    "success_rate": 1.0
  }
}