{
  "inefficient": {
    "avg_execution_time": 0.00010418891906738281,
    "avg_peak_memory": 0.0007171630859375,
    "success_rate": 1.0
  },
  "efficient": {
    "avg_execution_time": 0.00016188621520996094,
    "avg_peak_memory": 0.00203704833984375,
    "success_rate": 1.0
  },
  "finetuned": {
    "avg_execution_time": 6.699562072753906e-05,
    "avg_peak_memory": 0.0008392333984375,
    "success_rate": 1.0
  },
  "raw_model": {
    "avg_execution_time": 6.914138793945312e-05,
    "avg_peak_memory": 0.00081634521484375,
    "success_rate": 1.0
  }
}