{
  "inefficient": {
    "avg_execution_time": 2.9802322387695312e-05,
    "avg_peak_memory": 0.0006818771362304688,
    "success_rate": 1.0
  },
  "efficient": {
    "avg_execution_time": 1.8835067749023438e-05,
    "avg_peak_memory": 0.0006284713745117188,
    "success_rate": 1.0
  },
  "finetuned": {
    "avg_execution_time": 4.792213439941406e-05,
    "avg_peak_memory": 0.00087738037109375,
    "success_rate": 1.0
  },
  "raw_model": {
    "avg_execution_time": 1.8835067749023438e-05,
    "avg_peak_memory": 0.0006361007690429688,
    "success_rate": 1.0
  }
}