{
  "inefficient": {
    "avg_execution_time": 1.811981201171875e-05,
    "avg_peak_memory": 0.0012054443359375,
    "success_rate": 1.0
  },
  "efficient": {
    "avg_execution_time": Infinity,
    "avg_peak_memory": Infinity,
    "success_rate": 0.0
  },
  "finetuned": {
    "avg_execution_time": 1.5974044799804688e-05,
    "avg_peak_memory": 0.00113677978515625,
    "success_rate": 1.0
  },
  "raw_model": {
    "avg_execution_time": 7.224082946777344e-05,
    "avg_peak_memory": 0.00131988525390625,
    "success_rate": 1.0
  }
}