{
  "inefficient": {
    "avg_execution_time": 3.910064697265625e-05,
    "avg_peak_memory": 0.00069427490234375,
    "success_rate": 1.0
  },
  "efficient": {
    "avg_execution_time": 3.1948089599609375e-05,
    "avg_peak_memory": 0.0005950927734375,
    "success_rate": 1.0
  },
  "finetuned": {
    "avg_execution_time": 2.09808349609375e-05,
    "avg_peak_memory": 0.0005950927734375,
    "success_rate": 1.0
  },
  "raw_model": {
    "avg_execution_time": 1.3113021850585938e-05,
    "avg_peak_memory": 0.000518798828125,
    "success_rate": 1.0
  }
}