{
  "inefficient": {
    "avg_execution_time": 204.50841689109802,
    "avg_peak_memory": 0.000774383544921875,
    "success_rate": 1.0
  },
  "efficient": {
    "avg_execution_time": Infinity,
    "avg_peak_memory": Infinity,
    "success_rate": 0.0
  },
  "finetuned": {
    "avg_execution_time": 0.00017499923706054688,
    "avg_peak_memory": 0.001293182373046875,
    "success_rate": 1.0
  },
  "raw_model": {
    "avg_execution_time": 0.0018148422241210938,
    "avg_peak_memory": 0.001129150390625,
    "success_rate": 1.0
  }
}