{
  "inefficient": {
    "avg_execution_time": 3.075599670410156e-05,
    "avg_peak_memory": 0.001056671142578125,
    "success_rate": 1.0
  },
  "efficient": {
    "avg_execution_time": 1.6927719116210938e-05,
    "avg_peak_memory": 0.0005950927734375,
    "success_rate": 1.0
  },
  "finetuned": {
    "avg_execution_time": 3.361701965332031e-05,
    "avg_peak_memory": 0.00075531005859375,
    "success_rate": 1.0
  },
  "raw_model": {
    "avg_execution_time": 2.193450927734375e-05,
    "avg_peak_memory": 0.00080108642578125,
    "success_rate": 1.0
  }
}