{
  "inefficient": {
    "avg_execution_time": 0.0002682209014892578,
    "avg_peak_memory": 0.001224517822265625,
    "success_rate": 1.0
  },
  "efficient": {
    "avg_execution_time": 7.081031799316406e-05,
    "avg_peak_memory": 0.00069427490234375,
    "success_rate": 1.0
  },
  "finetuned": {
    "avg_execution_time": Infinity,
    "avg_peak_memory": Infinity,
    "success_rate": 0.0
  },
  "raw_model": {
    "avg_execution_time": 4.601478576660156e-05,
    "avg_peak_memory": 0.0012807846069335938,
    "success_rate": 1.0
  }
}