{
  "inefficient": {
    "avg_execution_time": 0.00026702880859375,
    "avg_peak_memory": 0.005859375,
    "success_rate": 1.0
  },
  "efficient": {
    "avg_execution_time": 3.62396240234375e-05,
    "avg_peak_memory": 0.00093841552734375,
    "success_rate": 1.0
  },
  "finetuned": {
    "avg_execution_time": 1.811981201171875e-05,
    "avg_peak_memory": 0.0011444091796875,
    "success_rate": 1.0
  },
  "raw_model": {
    "avg_execution_time": 8.20159912109375e-05,
    "avg_peak_memory": 0.00223541259765625,
    "success_rate": 1.0
  }
}