{
  "inefficient": {
    "avg_execution_time": Infinity,
    "avg_peak_memory": Infinity,
    "success_rate": 0.0
  },
  "efficient": {
    "avg_execution_time": 4.506111145019531e-05,
    "avg_peak_memory": 0.00066375732421875,
    "success_rate": 1.0
  },
  "finetuned": {
    "avg_execution_time": 2.5033950805664062e-05,
    "avg_peak_memory": 0.000579833984375,
    "success_rate": 1.0
  },
  "raw_model": {
    "avg_execution_time": 7.295608520507812e-05,
    "avg_peak_memory": 0.0006103515625,
    "success_rate": 1.0
  }
}