{
  "inefficient": {
    "avg_execution_time": 5.0067901611328125e-05,
    "avg_peak_memory": 0.0018768310546875,
    "success_rate": 1.0
  },
  "efficient": {
    "avg_execution_time": 1.3828277587890625e-05,
    "avg_peak_memory": 0.00054168701171875,
    "success_rate": 1.0
  },
  "finetuned": {
    "avg_execution_time": 1.0967254638671875e-05,
    "avg_peak_memory": 0.00048828125,
    "success_rate": 1.0
  },
  "raw_model": {
    "avg_execution_time": 1.6927719116210938e-05,
    "avg_peak_memory": 0.00054168701171875,
    "success_rate": 1.0
  }
}