{
  "inefficient": {
    "avg_execution_time": 3.1948089599609375e-05,
    "avg_peak_memory": 0.00102996826171875,
    "success_rate": 1.0
  },
  "efficient": {
    "avg_execution_time": 9.059906005859375e-06,
    "avg_peak_memory": 0.00049591064453125,
    "success_rate": 1.0
  },
  "finetuned": {
    "avg_execution_time": 8.821487426757812e-06,
    "avg_peak_memory": 0.00049591064453125,
    "success_rate": 1.0
  },
  "raw_model": {
    "avg_execution_time": Infinity,
    "avg_peak_memory": Infinity,
    "success_rate": 0.0
  }
}