{
  "inefficient": {
    "avg_execution_time": 1.6927719116210938e-05,
    "avg_peak_memory": 0.00069427490234375,
    "success_rate": 1.0
  },
  "efficient": {
    "avg_execution_time": 1.4781951904296875e-05,
    "avg_peak_memory": 0.000640869140625,
    "success_rate": 1.0
  },
  "finetuned": {
    "avg_execution_time": Infinity,
    "avg_peak_memory": Infinity,
    "success_rate": 0.0
  },
  "raw_model": {
    "avg_execution_time": 1.52587890625e-05,
    "avg_peak_memory": 0.00064849853515625,
    "success_rate": 1.0
  }
}