{
  "inefficient": {
    "avg_execution_time": 0.10071492195129395,
    "avg_peak_memory": 0.00215911865234375,
    "success_rate": 1.0
  },
  "efficient": {
    "avg_execution_time": 5.078315734863281e-05,
    "avg_peak_memory": 0.00069427490234375,
    "success_rate": 1.0
  },
  "finetuned": {
    "avg_execution_time": 3.0994415283203125e-05,
    "avg_peak_memory": 0.0006208419799804688,
    "success_rate": 1.0
  },
  "raw_model": {
    "avg_execution_time": Infinity,
    "avg_peak_memory": Infinity,
    "success_rate": 0.0
  }
}