{
  "inefficient": {
    "avg_execution_time": 9.894371032714844e-05,
    "avg_peak_memory": 0.00074005126953125,
    "success_rate": 1.0
  },
  "efficient": {
    "avg_execution_time": 1.52587890625e-05,
    "avg_peak_memory": 0.00052642822265625,
    "success_rate": 1.0
  },
  "finetuned": {
    "avg_execution_time": 7.987022399902344e-05,
    "avg_peak_memory": 0.001220703125,
    "success_rate": 1.0
  },
  "raw_model": {
    "avg_execution_time": 4.315376281738281e-05,
    "avg_peak_memory": 0.001129150390625,
    "success_rate": 1.0
  }
}