{
  "inefficient": {
    "avg_execution_time": 0.0003108978271484375,
    "avg_peak_memory": 0.0032939910888671875,
    "success_rate": 1.0
  },
  "efficient": {
    "avg_execution_time": 0.0007941722869873047,
    "avg_peak_memory": 0.019870758056640625,
    "success_rate": 1.0
  },
  "finetuned": {
    "avg_execution_time": Infinity,
    "avg_peak_memory": Infinity,
    "success_rate": 0.0
  },
  "raw_model": {
    "avg_execution_time": 2.6941299438476562e-05,
    "avg_peak_memory": 0.00067901611328125,
    "success_rate": 1.0
  }
}