{
  "inefficient": {
    "avg_execution_time": 2.5987625122070312e-05,
    "avg_peak_memory": 0.0006103515625,
    "success_rate": 1.0
  },
  "efficient": {
    "avg_execution_time": 1.8835067749023438e-05,
    "avg_peak_memory": 0.0005950927734375,
    "success_rate": 1.0
  },
  "finetuned": {
    "avg_execution_time": 2.5033950805664062e-05,
    "avg_peak_memory": 0.00066375732421875,
    "success_rate": 1.0
  },
  "raw_model": {
    "avg_execution_time": 2.3126602172851562e-05,
    "avg_peak_memory": 0.00060272216796875,
    "success_rate": 1.0
  }
}