{
  "inefficient": {
    "avg_execution_time": 0.0002770423889160156,
    "avg_peak_memory": 0.00103759765625,
    "success_rate": 1.0
  },
  "efficient": {
    "avg_execution_time": 8.702278137207031e-05,
    "avg_peak_memory": 0.00074005126953125,
    "success_rate": 1.0
  },
  "finetuned": {
    "avg_execution_time": Infinity,
    "avg_peak_memory": Infinity,
    "success_rate": 0.0
  },
  "raw_model": {
    "avg_execution_time": 8.511543273925781e-05,
    "avg_peak_memory": 0.00069427490234375,
    "success_rate": 1.0
  }
}