{
  "inefficient": {
    "avg_execution_time": 5.984306335449219e-05,
    "avg_peak_memory": 0.00079345703125,
    "success_rate": 1.0
  },
  "efficient": {
    "avg_execution_time": Infinity,
    "avg_peak_memory": Infinity,
    "success_rate": 0.0
  },
  "finetuned": {
    "avg_execution_time": 8.082389831542969e-05,
    "avg_peak_memory": 0.0016632080078125,
    "success_rate": 1.0
  },
  "raw_model": {
    "avg_execution_time": 1.5974044799804688e-05,
    "avg_peak_memory": 0.000640869140625,
    "success_rate": 1.0
  }
}