{
  "inefficient": {
    "avg_execution_time": 0.0008180141448974609,
    "avg_peak_memory": 0.00066375732421875,
    "success_rate": 1.0
  },
  "efficient": {
    "avg_execution_time": 1.2874603271484375e-05,
    "avg_peak_memory": 0.000484466552734375,
    "success_rate": 1.0
  },
  "finetuned": {
    "avg_execution_time": 0.00020813941955566406,
    "avg_peak_memory": 0.000484466552734375,
    "success_rate": 1.0
  },
  "raw_model": {
    "avg_execution_time": 1.4066696166992188e-05,
    "avg_peak_memory": 0.000507354736328125,
    "success_rate": 1.0
  }
}