{
  "inefficient": {
    "avg_execution_time": 2.4080276489257812e-05,
    "avg_peak_memory": 0.00083160400390625,
    "success_rate": 1.0
  },
  "efficient": {
    "avg_execution_time": 6.818771362304688e-05,
    "avg_peak_memory": 0.0014495849609375,
    "success_rate": 1.0
  },
  "finetuned": {
    "avg_execution_time": 0.0004589557647705078,
    "avg_peak_memory": 0.018627166748046875,
    "success_rate": 1.0
  },
  "raw_model": {
    "avg_execution_time": 1.6927719116210938e-05,
    "avg_peak_memory": 0.00083160400390625,
    "success_rate": 1.0
  }
}