{
  "inefficient": {
    "avg_execution_time": Infinity,
    "avg_peak_memory": Infinity,
    "success_rate": 0.0
  },
  "efficient": {
    "avg_execution_time": 3.3855438232421875e-05,
    "avg_peak_memory": 0.0007781982421875,
    "success_rate": 1.0
  },
  "finetuned": {
    "avg_execution_time": 0.00012421607971191406,
    "avg_peak_memory": 0.00069427490234375,
    "success_rate": 1.0
  },
  "raw_model": {
    "avg_execution_time": 2.8848648071289062e-05,
    "avg_peak_memory": 0.00069427490234375,
    "success_rate": 1.0
  }
}