{
  "inefficient": {
    "avg_execution_time": 0.0002911090850830078,
    "avg_peak_memory": 0.00276947021484375,
    "success_rate": 1.0
  },
  "efficient": {
    "avg_execution_time": 5.984306335449219e-05,
    "avg_peak_memory": 0.0016937255859375,
    "success_rate": 1.0
  },
  "finetuned": {
    "avg_execution_time": Infinity,
    "avg_peak_memory": Infinity,
    "success_rate": 0.0
  },
  "raw_model": {
    "avg_execution_time": 3.409385681152344e-05,
    "avg_peak_memory": 0.0010223388671875,
    "success_rate": 1.0
  }
}