{
  "inefficient": {
    "avg_execution_time": 1.6927719116210938e-05,
    "avg_peak_memory": 0.00086212158203125,
    "success_rate": 1.0
  },
  "efficient": {
    "avg_execution_time": 3.1948089599609375e-05,
    "avg_peak_memory": 0.0009002685546875,
    "success_rate": 1.0
  },
  "finetuned": {
    "avg_execution_time": 1.7881393432617188e-05,
    "avg_peak_memory": 0.0008544921875,
    "success_rate": 1.0
  },
  "raw_model": {
    "avg_execution_time": 1.9073486328125e-05,
    "avg_peak_memory": 0.000762939453125,
    "success_rate": 1.0
  }
}