{
  "inefficient": {
    "avg_execution_time": 4.982948303222656e-05,
    "avg_peak_memory": 0.0007171630859375,
    "success_rate": 1.0
  },
  "efficient": {
    "avg_execution_time": 1.6927719116210938e-05,
    "avg_peak_memory": 0.000507354736328125,
    "success_rate": 1.0
  },
  "finetuned": {
    "avg_execution_time": 1.4066696166992188e-05,
    "avg_peak_memory": 0.000499725341796875,
    "success_rate": 1.0
  },
  "raw_model": {
    "avg_execution_time": 1.0013580322265625e-05,
    "avg_peak_memory": 0.00048828125,
    "success_rate": 1.0
  }
}