{
  "inefficient": {
    "avg_execution_time": 1.9073486328125e-05,
    "avg_peak_memory": 0.00064849853515625,
    "success_rate": 1.0
  },
  "efficient": {
    "avg_execution_time": 1.3828277587890625e-05,
    "avg_peak_memory": 0.000514984130859375,
    "success_rate": 1.0
  },
  "finetuned": {
    "avg_execution_time": 1.0251998901367188e-05,
    "avg_peak_memory": 0.00049591064453125,
    "success_rate": 1.0
  },
  "raw_model": {
    "avg_execution_time": 1.0967254638671875e-05,
    "avg_peak_memory": 0.00048828125,
    "success_rate": 1.0
  }
}