{
  "inefficient": {
    "avg_execution_time": 1.1920928955078125e-05,
    "avg_peak_memory": 0.000518798828125,
    "success_rate": 1.0
  },
  "efficient": {
    "avg_execution_time": 0.0005300045013427734,
    "avg_peak_memory": 0.018650054931640625,
    "success_rate": 1.0
  },
  "finetuned": {
    "avg_execution_time": 1.4066696166992188e-05,
    "avg_peak_memory": 0.00052642822265625,
    "success_rate": 1.0
  },
  "raw_model": {
    "avg_execution_time": 1.0013580322265625e-05,
    "avg_peak_memory": 0.00048828125,
    "success_rate": 1.0
  }
}