{
  "inefficient": {
    "avg_execution_time": 6.580352783203125e-05,
    "avg_peak_memory": 0.00218963623046875,
    "success_rate": 1.0
  },
  "efficient": {
    "avg_execution_time": 2.8848648071289062e-05,
    "avg_peak_memory": 0.00127410888671875,
    "success_rate": 1.0
  },
  "finetuned": {
    "avg_execution_time": Infinity,
    "avg_peak_memory": Infinity,
    "success_rate": 0.0
  },
  "raw_model": {
    "avg_execution_time": 7.891654968261719e-05,
    "avg_peak_memory": 0.0013427734375,
    "success_rate": 1.0
  }
}