{
  "inefficient": {
    "avg_execution_time": 0.00032782554626464844,
    "avg_peak_memory": 0.00240325927734375,
    "success_rate": 1.0
  },
  "efficient": {
    "avg_execution_time": 1.52587890625e-05,
    "avg_peak_memory": 0.000579833984375,
    "success_rate": 1.0
  },
  "finetuned": {
    "avg_execution_time": 1.5020370483398438e-05,
    "avg_peak_memory": 0.00057220458984375,
    "success_rate": 1.0
  },
  "raw_model": {
    "avg_execution_time": 1.6927719116210938e-05,
    "avg_peak_memory": 0.000579833984375,
    "success_rate": 1.0
  }
}